<dataTemplate name="PO_REPORT" description="Purchase Order Report" version="1.0">
<properties>
	<property name="include_parameters" value="false"/>
	<property name="include_null_Element" value="false"/>
</properties>
<dataQuery>
	<sqlStatement name="Q1">
		<![CDATA[ SELECT a.segment1 as "PO Number",a.type_lookup_code as "PO Type",b.vendor_name as "Vendor Name", a.creation_date 
				     as "PO Creation Date" from PO_HEADERS_ALL a INNER JOIN AP_SUPPLIERS b ON a.vendor_id = b.vendor_id where 
				     a.creation_date between (sysdate-30) and sysdate]]>	
	</sqlStatement>
</dataQuery>
<dataStructure>
	<group name="PO_DATA" source="Q1">
		<element name="PO_NUMBER" value="PO Number"/>
		<element name="PO_TYPE" value="PO Type"/>
		<element name="VENDOR_NAME" value="Vendor Name"/>
		<element name="CREATION_DATE" value="PO Creation Date"/>
	</group>
</dataStructure>
</dataTemplate>