<PO_REPORT>
<LIST_PO_DATA>
<PO_DATA>
<PO_NUMBER>6730</PO_NUMBER>
<PO_TYPE>STANDARD</PO_TYPE>
<VENDOR_NAME>Bigmart</VENDOR_NAME>
<CREATION_DATE>2024-03-20T15:19:22.000+00:00</CREATION_DATE>
</PO_DATA>
<PO_DATA>
<PO_NUMBER>6731</PO_NUMBER>
<PO_TYPE>STANDARD</PO_TYPE>
<VENDOR_NAME>Bigmart</VENDOR_NAME>
<CREATION_DATE>2024-03-20T15:32:15.000+00:00</CREATION_DATE>
</PO_DATA>
<PO_DATA>
<PO_NUMBER>6732</PO_NUMBER>
<PO_TYPE>STANDARD</PO_TYPE>
<VENDOR_NAME>Bigmart</VENDOR_NAME>
<CREATION_DATE>2024-03-20T16:07:21.000+00:00</CREATION_DATE>
</PO_DATA>
<PO_DATA>
<PO_NUMBER>6726</PO_NUMBER>
<PO_TYPE>STANDARD</PO_TYPE>
<VENDOR_NAME>Bigmart</VENDOR_NAME>
<CREATION_DATE>2024-03-20T10:40:41.000+00:00</CREATION_DATE>
</PO_DATA>
<PO_DATA>
<PO_NUMBER>6728</PO_NUMBER>
<PO_TYPE>STANDARD</PO_TYPE>
<VENDOR_NAME>Bigmart</VENDOR_NAME>
<CREATION_DATE>2024-03-20T11:19:54.000+00:00</CREATION_DATE>
</PO_DATA>
<PO_DATA>
<PO_NUMBER>6729</PO_NUMBER>
<PO_TYPE>STANDARD</PO_TYPE>
<VENDOR_NAME>Bigmart</VENDOR_NAME>
<CREATION_DATE>2024-03-20T15:02:17.000+00:00</CREATION_DATE>
</PO_DATA>
<PO_DATA>
<PO_NUMBER>6737</PO_NUMBER>
<PO_TYPE>STANDARD</PO_TYPE>
<VENDOR_NAME>Bigmart</VENDOR_NAME>
<CREATION_DATE>2024-03-22T07:02:48.000+00:00</CREATION_DATE>
</PO_DATA>
<PO_DATA>
<PO_NUMBER>6739</PO_NUMBER>
<PO_TYPE>STANDARD</PO_TYPE>
<VENDOR_NAME>Bigmart</VENDOR_NAME>
<CREATION_DATE>2024-03-22T11:49:25.000+00:00</CREATION_DATE>
</PO_DATA>
<PO_DATA>
<PO_NUMBER>6738</PO_NUMBER>
<PO_TYPE>STANDARD</PO_TYPE>
<VENDOR_NAME>Bigmart</VENDOR_NAME>
<CREATION_DATE>2024-03-22T11:41:55.000+00:00</CREATION_DATE>
</PO_DATA>
<PO_DATA>
<PO_NUMBER>6733</PO_NUMBER>
<PO_TYPE>STANDARD</PO_TYPE>
<VENDOR_NAME>Automotive Supplier #1</VENDOR_NAME>
<CREATION_DATE>2024-03-21T07:14:43.000+00:00</CREATION_DATE>
</PO_DATA>
<PO_DATA>
<PO_NUMBER>6734</PO_NUMBER>
<PO_TYPE>STANDARD</PO_TYPE>
<VENDOR_NAME>Automotive Supplier #1</VENDOR_NAME>
<CREATION_DATE>2024-03-21T09:12:38.000+00:00</CREATION_DATE>
</PO_DATA>
<PO_DATA>
<PO_NUMBER>6710</PO_NUMBER>
<PO_TYPE>STANDARD</PO_TYPE>
<VENDOR_NAME>AccessMicron</VENDOR_NAME>
<CREATION_DATE>2024-03-12T19:04:16.000+00:00</CREATION_DATE>
</PO_DATA>
<PO_DATA>
<PO_NUMBER>516</PO_NUMBER>
<PO_TYPE>QUOTATION</PO_TYPE>
<VENDOR_NAME>AccessMicron</VENDOR_NAME>
<CREATION_DATE>2024-03-12T18:42:26.000+00:00</CREATION_DATE>
</PO_DATA>
<PO_DATA>
<PO_NUMBER>6682</PO_NUMBER>
<PO_TYPE>STANDARD</PO_TYPE>
<VENDOR_NAME>3M Health Care</VENDOR_NAME>
<CREATION_DATE>2024-03-04T11:47:16.000+00:00</CREATION_DATE>
</PO_DATA>
<PO_DATA>
<PO_NUMBER>6708</PO_NUMBER>
<PO_TYPE>STANDARD</PO_TYPE>
<VENDOR_NAME>3M Health Care</VENDOR_NAME>
<CREATION_DATE>2024-03-09T17:08:07.000+00:00</CREATION_DATE>
</PO_DATA>
<PO_DATA>
<PO_NUMBER>6709</PO_NUMBER>
<PO_TYPE>STANDARD</PO_TYPE>
<VENDOR_NAME>3M Health Care</VENDOR_NAME>
<CREATION_DATE>2024-03-09T17:15:39.000+00:00</CREATION_DATE>
</PO_DATA>
<PO_DATA>
<PO_NUMBER>6723</PO_NUMBER>
<PO_TYPE>STANDARD</PO_TYPE>
<VENDOR_NAME>3M Health Care</VENDOR_NAME>
<CREATION_DATE>2024-03-15T12:34:03.000+00:00</CREATION_DATE>
</PO_DATA>
<PO_DATA>
<PO_NUMBER>6712</PO_NUMBER>
<PO_TYPE>STANDARD</PO_TYPE>
<VENDOR_NAME>3M Health Care</VENDOR_NAME>
<CREATION_DATE>2024-03-13T09:25:37.000+00:00</CREATION_DATE>
</PO_DATA>
<PO_DATA>
<PO_NUMBER>6727</PO_NUMBER>
<PO_TYPE>STANDARD</PO_TYPE>
<VENDOR_NAME>Corporate Express Office Supply</VENDOR_NAME>
<CREATION_DATE>2024-03-20T11:06:02.000+00:00</CREATION_DATE>
</PO_DATA>
<PO_DATA>
<PO_NUMBER>6681</PO_NUMBER>
<PO_TYPE>STANDARD</PO_TYPE>
<VENDOR_NAME>Star Gate Ltd</VENDOR_NAME>
<CREATION_DATE>2024-02-28T05:58:44.000+00:00</CREATION_DATE>
</PO_DATA>
<PO_DATA>
<PO_NUMBER>6694</PO_NUMBER>
<PO_TYPE>STANDARD</PO_TYPE>
<VENDOR_NAME>Star Gate Ltd</VENDOR_NAME>
<CREATION_DATE>2024-03-04T11:26:41.000+00:00</CREATION_DATE>
</PO_DATA>
<PO_DATA>
<PO_NUMBER>6695</PO_NUMBER>
<PO_TYPE>STANDARD</PO_TYPE>
<VENDOR_NAME>Star Gate Ltd</VENDOR_NAME>
<CREATION_DATE>2024-03-04T15:41:27.000+00:00</CREATION_DATE>
</PO_DATA>
<PO_DATA>
<PO_NUMBER>6696</PO_NUMBER>
<PO_TYPE>STANDARD</PO_TYPE>
<VENDOR_NAME>Star Gate Ltd</VENDOR_NAME>
<CREATION_DATE>2024-03-04T15:41:27.000+00:00</CREATION_DATE>
</PO_DATA>
<PO_DATA>
<PO_NUMBER>6699</PO_NUMBER>
<PO_TYPE>STANDARD</PO_TYPE>
<VENDOR_NAME>Star Gate Ltd</VENDOR_NAME>
<CREATION_DATE>2024-03-04T11:36:54.000+00:00</CREATION_DATE>
</PO_DATA>
<PO_DATA>
<PO_NUMBER>6700</PO_NUMBER>
<PO_TYPE>STANDARD</PO_TYPE>
<VENDOR_NAME>Star Gate Ltd</VENDOR_NAME>
<CREATION_DATE>2024-03-04T11:36:54.000+00:00</CREATION_DATE>
</PO_DATA>
<PO_DATA>
<PO_NUMBER>6703</PO_NUMBER>
<PO_TYPE>STANDARD</PO_TYPE>
<VENDOR_NAME>Star Gate Ltd</VENDOR_NAME>
<CREATION_DATE>2024-03-04T14:46:41.000+00:00</CREATION_DATE>
</PO_DATA>
<PO_DATA>
<PO_NUMBER>6704</PO_NUMBER>
<PO_TYPE>STANDARD</PO_TYPE>
<VENDOR_NAME>Star Gate Ltd</VENDOR_NAME>
<CREATION_DATE>2024-03-04T14:46:41.000+00:00</CREATION_DATE>
</PO_DATA>
<PO_DATA>
<PO_NUMBER>6683</PO_NUMBER>
<PO_TYPE>STANDARD</PO_TYPE>
<VENDOR_NAME>Star Gate Ltd</VENDOR_NAME>
<CREATION_DATE>2024-03-04T14:46:41.000+00:00</CREATION_DATE>
</PO_DATA>
<PO_DATA>
<PO_NUMBER>6697</PO_NUMBER>
<PO_TYPE>STANDARD</PO_TYPE>
<VENDOR_NAME>Star Gate Ltd</VENDOR_NAME>
<CREATION_DATE>2024-03-04T16:10:59.000+00:00</CREATION_DATE>
</PO_DATA>
<PO_DATA>
<PO_NUMBER>6698</PO_NUMBER>
<PO_TYPE>STANDARD</PO_TYPE>
<VENDOR_NAME>Star Gate Ltd</VENDOR_NAME>
<CREATION_DATE>2024-03-04T16:10:59.000+00:00</CREATION_DATE>
</PO_DATA>
<PO_DATA>
<PO_NUMBER>6687</PO_NUMBER>
<PO_TYPE>STANDARD</PO_TYPE>
<VENDOR_NAME>Star Gate Ltd</VENDOR_NAME>
<CREATION_DATE>2024-03-05T15:58:55.000+00:00</CREATION_DATE>
</PO_DATA>
<PO_DATA>
<PO_NUMBER>6701</PO_NUMBER>
<PO_TYPE>STANDARD</PO_TYPE>
<VENDOR_NAME>Star Gate Ltd</VENDOR_NAME>
<CREATION_DATE>2024-03-05T15:58:55.000+00:00</CREATION_DATE>
</PO_DATA>
<PO_DATA>
<PO_NUMBER>6702</PO_NUMBER>
<PO_TYPE>STANDARD</PO_TYPE>
<VENDOR_NAME>Star Gate Ltd</VENDOR_NAME>
<CREATION_DATE>2024-03-05T15:58:55.000+00:00</CREATION_DATE>
</PO_DATA>
<PO_DATA>
<PO_NUMBER>6688</PO_NUMBER>
<PO_TYPE>STANDARD</PO_TYPE>
<VENDOR_NAME>Star Gate Ltd</VENDOR_NAME>
<CREATION_DATE>2024-03-05T16:09:18.000+00:00</CREATION_DATE>
</PO_DATA>
<PO_DATA>
<PO_NUMBER>6689</PO_NUMBER>
<PO_TYPE>STANDARD</PO_TYPE>
<VENDOR_NAME>Star Gate Ltd</VENDOR_NAME>
<CREATION_DATE>2024-03-05T16:18:56.000+00:00</CREATION_DATE>
</PO_DATA>
<PO_DATA>
<PO_NUMBER>6684</PO_NUMBER>
<PO_TYPE>STANDARD</PO_TYPE>
<VENDOR_NAME>Star Gate Ltd</VENDOR_NAME>
<CREATION_DATE>2024-03-05T16:38:07.000+00:00</CREATION_DATE>
</PO_DATA>
<PO_DATA>
<PO_NUMBER>6685</PO_NUMBER>
<PO_TYPE>STANDARD</PO_TYPE>
<VENDOR_NAME>Star Gate Ltd</VENDOR_NAME>
<CREATION_DATE>2024-03-05T16:48:38.000+00:00</CREATION_DATE>
</PO_DATA>
<PO_DATA>
<PO_NUMBER>6686</PO_NUMBER>
<PO_TYPE>STANDARD</PO_TYPE>
<VENDOR_NAME>Star Gate Ltd</VENDOR_NAME>
<CREATION_DATE>2024-03-05T16:58:57.000+00:00</CREATION_DATE>
</PO_DATA>
<PO_DATA>
<PO_NUMBER>6690</PO_NUMBER>
<PO_TYPE>STANDARD</PO_TYPE>
<VENDOR_NAME>Star Gate Ltd</VENDOR_NAME>
<CREATION_DATE>2024-03-05T17:40:56.000+00:00</CREATION_DATE>
</PO_DATA>
<PO_DATA>
<PO_NUMBER>6691</PO_NUMBER>
<PO_TYPE>STANDARD</PO_TYPE>
<VENDOR_NAME>Star Gate Ltd</VENDOR_NAME>
<CREATION_DATE>2024-03-06T05:25:44.000+00:00</CREATION_DATE>
</PO_DATA>
<PO_DATA>
<PO_NUMBER>6692</PO_NUMBER>
<PO_TYPE>STANDARD</PO_TYPE>
<VENDOR_NAME>Star Gate Ltd</VENDOR_NAME>
<CREATION_DATE>2024-03-06T08:56:05.000+00:00</CREATION_DATE>
</PO_DATA>
<PO_DATA>
<PO_NUMBER>6693</PO_NUMBER>
<PO_TYPE>STANDARD</PO_TYPE>
<VENDOR_NAME>Star Gate Ltd</VENDOR_NAME>
<CREATION_DATE>2024-03-06T09:17:42.000+00:00</CREATION_DATE>
</PO_DATA>
<PO_DATA>
<PO_NUMBER>6706</PO_NUMBER>
<PO_TYPE>STANDARD</PO_TYPE>
<VENDOR_NAME>Star Gate Ltd</VENDOR_NAME>
<CREATION_DATE>2024-03-04T16:22:14.000+00:00</CREATION_DATE>
</PO_DATA>
<PO_DATA>
<PO_NUMBER>6707</PO_NUMBER>
<PO_TYPE>STANDARD</PO_TYPE>
<VENDOR_NAME>Star Gate Ltd</VENDOR_NAME>
<CREATION_DATE>2024-03-04T16:44:00.000+00:00</CREATION_DATE>
</PO_DATA>
<PO_DATA>
<PO_NUMBER>6705</PO_NUMBER>
<PO_TYPE>STANDARD</PO_TYPE>
<VENDOR_NAME>Star Gate Ltd</VENDOR_NAME>
<CREATION_DATE>2024-03-05T15:58:55.000+00:00</CREATION_DATE>
</PO_DATA>
<PO_DATA>
<PO_NUMBER>6713</PO_NUMBER>
<PO_TYPE>STANDARD</PO_TYPE>
<VENDOR_NAME>Star Gate Ltd</VENDOR_NAME>
<CREATION_DATE>2024-03-14T13:31:14.000+00:00</CREATION_DATE>
</PO_DATA>
<PO_DATA>
<PO_NUMBER>6717</PO_NUMBER>
<PO_TYPE>STANDARD</PO_TYPE>
<VENDOR_NAME>Star Gate Ltd</VENDOR_NAME>
<CREATION_DATE>2024-03-14T17:45:56.000+00:00</CREATION_DATE>
</PO_DATA>
<PO_DATA>
<PO_NUMBER>6716</PO_NUMBER>
<PO_TYPE>STANDARD</PO_TYPE>
<VENDOR_NAME>Star Gate Ltd</VENDOR_NAME>
<CREATION_DATE>2024-03-14T17:47:36.000+00:00</CREATION_DATE>
</PO_DATA>
<PO_DATA>
<PO_NUMBER>6718</PO_NUMBER>
<PO_TYPE>STANDARD</PO_TYPE>
<VENDOR_NAME>Star Gate Ltd</VENDOR_NAME>
<CREATION_DATE>2024-03-14T17:50:36.000+00:00</CREATION_DATE>
</PO_DATA>
<PO_DATA>
<PO_NUMBER>6719</PO_NUMBER>
<PO_TYPE>STANDARD</PO_TYPE>
<VENDOR_NAME>Star Gate Ltd</VENDOR_NAME>
<CREATION_DATE>2024-03-14T17:50:52.000+00:00</CREATION_DATE>
</PO_DATA>
<PO_DATA>
<PO_NUMBER>6720</PO_NUMBER>
<PO_TYPE>STANDARD</PO_TYPE>
<VENDOR_NAME>Star Gate Ltd</VENDOR_NAME>
<CREATION_DATE>2024-03-14T17:59:12.000+00:00</CREATION_DATE>
</PO_DATA>
<PO_DATA>
<PO_NUMBER>6721</PO_NUMBER>
<PO_TYPE>STANDARD</PO_TYPE>
<VENDOR_NAME>Star Gate Ltd</VENDOR_NAME>
<CREATION_DATE>2024-03-14T17:59:23.000+00:00</CREATION_DATE>
</PO_DATA>
<PO_DATA>
<PO_NUMBER>6715</PO_NUMBER>
<PO_TYPE>STANDARD</PO_TYPE>
<VENDOR_NAME>Star Gate Ltd</VENDOR_NAME>
<CREATION_DATE>2024-03-14T17:22:15.000+00:00</CREATION_DATE>
</PO_DATA>
<PO_DATA>
<PO_NUMBER>6714</PO_NUMBER>
<PO_TYPE>STANDARD</PO_TYPE>
<VENDOR_NAME>Star Gate Ltd</VENDOR_NAME>
<CREATION_DATE>2024-03-14T17:24:32.000+00:00</CREATION_DATE>
</PO_DATA>
<PO_DATA>
<PO_NUMBER>518</PO_NUMBER>
<PO_TYPE>QUOTATION</PO_TYPE>
<VENDOR_NAME>Abbott Laboratories, Inc.</VENDOR_NAME>
<CREATION_DATE>2024-03-19T06:43:09.000+00:00</CREATION_DATE>
</PO_DATA>
<PO_DATA>
<PO_NUMBER>6724</PO_NUMBER>
<PO_TYPE>STANDARD</PO_TYPE>
<VENDOR_NAME>Abbott Laboratories, Inc.</VENDOR_NAME>
<CREATION_DATE>2024-03-19T07:27:46.000+00:00</CREATION_DATE>
</PO_DATA>
<PO_DATA>
<PO_NUMBER>519</PO_NUMBER>
<PO_TYPE>QUOTATION</PO_TYPE>
<VENDOR_NAME>Abbott Laboratories, Inc.</VENDOR_NAME>
<CREATION_DATE>2024-03-20T07:28:48.000+00:00</CREATION_DATE>
</PO_DATA>
<PO_DATA>
<PO_NUMBER>6725</PO_NUMBER>
<PO_TYPE>STANDARD</PO_TYPE>
<VENDOR_NAME>Abbott Laboratories, Inc.</VENDOR_NAME>
<CREATION_DATE>2024-03-20T07:45:50.000+00:00</CREATION_DATE>
</PO_DATA>
<PO_DATA>
<PO_NUMBER>6736</PO_NUMBER>
<PO_TYPE>STANDARD</PO_TYPE>
<VENDOR_NAME>Advantage Corp</VENDOR_NAME>
<CREATION_DATE>2024-03-22T07:01:35.000+00:00</CREATION_DATE>
</PO_DATA>
<PO_DATA>
<PO_NUMBER>517</PO_NUMBER>
<PO_TYPE>QUOTATION</PO_TYPE>
<VENDOR_NAME>Advantage Corp</VENDOR_NAME>
<CREATION_DATE>2024-03-13T08:36:59.000+00:00</CREATION_DATE>
</PO_DATA>
<PO_DATA>
<PO_NUMBER>6711</PO_NUMBER>
<PO_TYPE>STANDARD</PO_TYPE>
<VENDOR_NAME>Advantage Corp</VENDOR_NAME>
<CREATION_DATE>2024-03-13T08:48:11.000+00:00</CREATION_DATE>
</PO_DATA>
<PO_DATA>
<PO_NUMBER>521</PO_NUMBER>
<PO_TYPE>QUOTATION</PO_TYPE>
<VENDOR_NAME>Advantage Corp</VENDOR_NAME>
<CREATION_DATE>2024-03-22T06:45:36.000+00:00</CREATION_DATE>
</PO_DATA>
<PO_DATA>
<PO_NUMBER>6735</PO_NUMBER>
<PO_TYPE>STANDARD</PO_TYPE>
<VENDOR_NAME>Advantage Corp</VENDOR_NAME>
<CREATION_DATE>2024-03-22T06:59:35.000+00:00</CREATION_DATE>
</PO_DATA>
<PO_DATA>
<PO_NUMBER>520</PO_NUMBER>
<PO_TYPE>QUOTATION</PO_TYPE>
<VENDOR_NAME>Advantage Corp</VENDOR_NAME>
<CREATION_DATE>2024-03-22T06:45:27.000+00:00</CREATION_DATE>
</PO_DATA>
</LIST_PO_DATA>
</PO_REPORT>