<dataTemplate name="DEPT_DATA" description="DEPARTMENT DATA REPORT" version="1.0">
<properties>
<property name="include_null_Element" value="false"/>
</properties>
<dataQuery>
<sqlStatement name="Q1">
<![CDATA[select e.employee_id,e.first_name,e.last_name,e.salary,d.d_name 
 from employees_1 e inner join departments d
   on e.D_id = d.d_id]]>
</sqlStatement>
</dataQuery>
<dataStructure>
<group name="dept_INFO" source="Q1">
<element name="employee_id" value="employee_id"/>
<element name="first_name" value="first_name"/>
<element name="last_name" value="last_name"/>
<element name="salary" value="salary"/>
<element name="department_name" value="d_name"/>
</group>
</dataStructure>
</dataTemplate>