<DEPT_DATA>
<LIST_DEPT_INFO>
<DEPT_INFO>
<EMPLOYEE_ID>1001</EMPLOYEE_ID>
<FIRST_NAME>VISHAL</FIRST_NAME>
<LAST_NAME>BAGADE</LAST_NAME>
<SALARY>100000</SALARY>
<DEPARTMENT_NAME>COMPUTER SCIENCE</DEPARTMENT_NAME>
</DEPT_INFO>
<DEPT_INFO>
<EMPLOYEE_ID>1002</EMPLOYEE_ID>
<FIRST_NAME>AYANDIP</FIRST_NAME>
<LAST_NAME>ROY</LAST_NAME>
<SALARY>200000</SALARY>
<DEPARTMENT_NAME>MECH ENGINEERING</DEPARTMENT_NAME>
</DEPT_INFO>
<DEPT_INFO>
<EMPLOYEE_ID>1003</EMPLOYEE_ID>
<FIRST_NAME>KIRAN</FIRST_NAME>
<LAST_NAME>PATIL</LAST_NAME>
<SALARY>50000</SALARY>
<DEPARTMENT_NAME>CIVIL ENGINEERING</DEPARTMENT_NAME>
</DEPT_INFO>
<DEPT_INFO>
<EMPLOYEE_ID>1004</EMPLOYEE_ID>
<FIRST_NAME>SOURIK</FIRST_NAME>
<LAST_NAME>PAN</LAST_NAME>
<SALARY>75000</SALARY>
<DEPARTMENT_NAME>ELECTRICAL SCIENCE</DEPARTMENT_NAME>
</DEPT_INFO>
<DEPT_INFO>
<EMPLOYEE_ID>1005</EMPLOYEE_ID>
<FIRST_NAME>SOUMIK</FIRST_NAME>
<LAST_NAME>GHOSH</LAST_NAME>
<SALARY>90000</SALARY>
<DEPARTMENT_NAME>ELECTRONICS</DEPARTMENT_NAME>
</DEPT_INFO>
</LIST_DEPT_INFO>
</DEPT_DATA>