<?xml version="1.0" encoding="UTF-8" ?>
<dataTemplate name="emp_report" description="employee report Report" version="1.0">
<properties>
  <property name="include_parameters" value="true"/>
  <property name="include_null_Element" value="false" />
</properties>
<parameters>
 <parameter name="emp_num" dataType="number"/>  
</parameters>
<dataQuery>
 <sqlStatement name="Q1">
  <![CDATA[SELECT employee_id,first_name,last_name
     FROM XX_COH4_BATCH_EMP_2327831
     WHERE employee_id=:emp_num]]>
 </sqlStatement> 
</dataQuery>
<dataStructure>
  <group name="EMP_DATA" source="Q1">
    <element name = "employee_id" value="emp_num"/>
    <element name = "first_name" value="FIRST NAME"/> 
    <element name = "last_name" value="LAST NAME"/> 
  </group>
</dataStructure>
</dataTemplate>