<EMPDATA>
<EMPINFO>
<EMPLOYEE_ID>103</EMPLOYEE_ID>
<FIRST_NAME>SURAJ</FIRST_NAME>
<LAST_NAME>PATIL</LAST_NAME>
<EMAIL_ADDRESS>surajpatil@gmail.com</EMAIL_ADDRESS>
<POSITION>GENC</POSITION>
<YEAR_OF_BIRTH>1998</YEAR_OF_BIRTH>
<MANAGER>POOJA KUMARI</MANAGER>
<HIRE_DATE>11-JAN-24</HIRE_DATE>
<END_DATE>10-APR-24</END_DATE>
</EMPINFO>
<EMPINFO>
<EMPLOYEE_ID>101</EMPLOYEE_ID>
<FIRST_NAME>Kiran</FIRST_NAME>
<LAST_NAME>Patil</LAST_NAME>
<EMAIL_ADDRESS>patilkiranp135@gmail.com</EMAIL_ADDRESS>
<POSITION>GENC</POSITION>
<YEAR_OF_BIRTH>2001</YEAR_OF_BIRTH>
<MANAGER>Pooja Kumari</MANAGER>
<HIRE_DATE>11-JAN-24</HIRE_DATE>
<END_DATE>10-APR-24</END_DATE>
</EMPINFO>
<EMPINFO>
<EMPLOYEE_ID>102</EMPLOYEE_ID>
<FIRST_NAME>VISHAL</FIRST_NAME>
<LAST_NAME>BAGADE</LAST_NAME>
<EMAIL_ADDRESS>vishalbagade@gmail.com</EMAIL_ADDRESS>
<POSITION>GENC</POSITION>
<YEAR_OF_BIRTH>2000</YEAR_OF_BIRTH>
<MANAGER>POOJA KUMARI</MANAGER>
<HIRE_DATE>11-JAN-24</HIRE_DATE>
<END_DATE>10-APR-24</END_DATE>
</EMPINFO>
</EMPDATA>